﻿<?xml version="1.0" encoding="utf-8"?>
<Package xmlns="http://schemas.microsoft.com/appx/manifest/foundation/windows10"
xmlns:mp="http://schemas.microsoft.com/appx/2014/phone/manifest"
xmlns:uap="http://schemas.microsoft.com/appx/manifest/uap/windows10"
xmlns:build="http://schemas.microsoft.com/developer/appx/2015/build"
IgnorableNamespaces="uap mp build"> 
	<Identity Name="INSERT-YOUR-PACKAGE-IDENTITY-NAME-HERE" Publisher="CN=INSERT-YOUR-PACKAGE-IDENTITY-PUBLISHER-HERE" Version="1.0.0.0" ProcessorArchitecture="neutral" /> 
	<mp:PhoneIdentity PhoneProductId="58529888-d2bc-1ebe-639e-0a59e3a6382c" PhonePublisherId="00000000-0000-0000-0000-000000000000"/> 

	<build:Metadata>
		<build:Item Name="GenerationTool" Version="manifoldjs" />
		<build:Item Name="GenerationToolVersion" Version="0.5.1" />
    <build:Item Name="PlatformId" Value="windows10" />
    <build:Item Name="PlatformPackage" Value="manifoldjs-windows10" />
    <build:Item Name="PlatformVersion" Version="0.1.1" />
		<build:Item Name="GeneratedFrom" Value="CLI" />
		<build:Item Name="GenerationDate" Value="2016-03-11 13:54:57 Z" />
		<build:Item Name="GeneratedURL" Value="http://sentimentalweb.azurewebsites.net/manifest.webmanifest" />
	</build:Metadata>

	<Properties> 
		<DisplayName>Sentimental</DisplayName> 
    <PublisherDisplayName>INSERT-YOUR-PACKAGE-PROPERTIES-PUBLISHERDISPLAYNAME-HERE</PublisherDisplayName>
    <Logo>images\storelogo.scale-100.png</Logo> 
	</Properties> 

	<Dependencies> 
		<TargetDeviceFamily Name="Windows.Universal" MinVersion="10.0.10240.0" MaxVersionTested="10.0.10240.0" /> 
	</Dependencies> 

	<Resources>
	<Resource Language="en-us" /> 
	 </Resources> 

	<Applications> 
		<Application Id="Sentimental" StartPage="https://sentimentalweb.azurewebsites.net/"> 
			<uap:VisualElements 
				DisplayName="Sentimental" 
				Square150x150Logo="images\logo.scale-100.png" 
				Square44x44Logo="images\smalllogo.scale-100.png" 
				Description="Sentimental"	
				BackgroundColor="#808080"> 
				<uap:SplashScreen Image="images\splashscreen.scale-100.png" /> 
				<uap:InitialRotationPreference> 
					<uap:Rotation Preference="portrait" /> 
				</uap:InitialRotationPreference> 
			</uap:VisualElements> 
			<uap:ApplicationContentUriRules>
				
				<uap:Rule Type="include" WindowsRuntimeAccess="none" Match="https://sentimentalweb.azurewebsites.net/" />
				<uap:Rule Type="include" WindowsRuntimeAccess="none" Match="http://sentimentalweb.azurewebsites.net/" />
			</uap:ApplicationContentUriRules>
		</Application> 
	</Applications> 

	<Capabilities>
		<Capability Name="internetClient" />
		<Capability Name="privateNetworkClientServer" />
	</Capabilities>

</Package>
