{
    "prepare_queue": {
        "installed": [],
        "uninstalled": []
    },
    "config_munge": {
        "files": {}
    },
    "installed_plugins": {
        "cordova-plugin-whitelist": {
            "PACKAGE_NAME": "Sentimental"
        },
        "cordova-plugin-network-information": {
            "PACKAGE_NAME": "Sentimental"
        },
        "cordova-plugin-hostedwebapp": {
            "PACKAGE_NAME": "Sentimental"
        }
    },
    "dependent_plugins": {},
    "modules": [
        {
            "file": "plugins/cordova-plugin-network-information/www/network.js",
            "id": "cordova-plugin-network-information.network",
            "pluginId": "cordova-plugin-network-information",
            "clobbers": [
                "navigator.connection",
                "navigator.network.connection"
            ]
        },
        {
            "file": "plugins/cordova-plugin-network-information/www/Connection.js",
            "id": "cordova-plugin-network-information.Connection",
            "pluginId": "cordova-plugin-network-information",
            "clobbers": [
                "Connection"
            ]
        },
        {
            "file": "plugins/cordova-plugin-network-information/src/windows/NetworkInfoProxy.js",
            "id": "cordova-plugin-network-information.NetworkInfoProxy",
            "pluginId": "cordova-plugin-network-information",
            "runs": true
        },
        {
            "file": "plugins/cordova-plugin-hostedwebapp/www/hostedWebApp.js",
            "id": "cordova-plugin-hostedwebapp.hostedwebapp",
            "pluginId": "cordova-plugin-hostedwebapp",
            "clobbers": [
                "hostedwebapp"
            ]
        },
        {
            "file": "plugins/cordova-plugin-hostedwebapp/src/windows/HostedWebAppPluginProxy.js",
            "id": "cordova-plugin-hostedwebapp.HostedWebAppPluginProxy",
            "pluginId": "cordova-plugin-hostedwebapp",
            "merges": [
                ""
            ]
        }
    ],
    "plugin_metadata": {
        "cordova-plugin-whitelist": "1.0.0",
        "cordova-plugin-network-information": "1.2.0",
        "cordova-plugin-hostedwebapp": "0.2.1"
    }
}