{
    "prepare_queue": {
        "installed": [],
        "uninstalled": []
    },
    "config_munge": {
        "files": {
            "config.xml": {
                "parents": {
                    "/*": [
                        {
                            "xml": "<feature name=\"NetworkStatus\"><param name=\"ios-package\" value=\"CDVConnection\" /></feature>",
                            "count": 1
                        },
                        {
                            "xml": "<feature name=\"HostedWebApp\"><param name=\"ios-package\" value=\"CDVHostedWebApp\" /><param name=\"onload\" value=\"true\" /></feature>",
                            "count": 1
                        }
                    ],
                    "/*/feature[@name='NetworkStatus']": [
                        {
                            "xml": "<param name=\"onload\" value=\"true\" />",
                            "count": 1
                        }
                    ]
                }
            }
        }
    },
    "installed_plugins": {
        "cordova-plugin-whitelist": {
            "PACKAGE_NAME": "net.azurewebsites.sentimentalweb"
        },
        "cordova-plugin-network-information": {
            "PACKAGE_NAME": "net.azurewebsites.sentimentalweb"
        },
        "cordova-plugin-hostedwebapp": {
            "PACKAGE_NAME": "net.azurewebsites.sentimentalweb"
        }
    },
    "dependent_plugins": {},
    "modules": [
        {
            "file": "plugins/cordova-plugin-network-information/www/network.js",
            "id": "cordova-plugin-network-information.network",
            "pluginId": "cordova-plugin-network-information",
            "clobbers": [
                "navigator.connection",
                "navigator.network.connection"
            ]
        },
        {
            "file": "plugins/cordova-plugin-network-information/www/Connection.js",
            "id": "cordova-plugin-network-information.Connection",
            "pluginId": "cordova-plugin-network-information",
            "clobbers": [
                "Connection"
            ]
        },
        {
            "file": "plugins/cordova-plugin-hostedwebapp/www/hostedWebApp.js",
            "id": "cordova-plugin-hostedwebapp.hostedwebapp",
            "pluginId": "cordova-plugin-hostedwebapp",
            "clobbers": [
                "hostedwebapp"
            ]
        }
    ],
    "plugin_metadata": {
        "cordova-plugin-whitelist": "1.0.0",
        "cordova-plugin-network-information": "1.2.0",
        "cordova-plugin-hostedwebapp": "0.2.1"
    }
}